id,category,english,language,native_script,reviewed (yes/no),reviewer,notes
"pizza","food_drink","Pizza","kn","ಪಿಜ್ಜಾ","no","",""
"pizza","food_drink","Pizza","hi","पिज़्ज़ा","no","",""
"water","food_drink","Water","kn","ನೀರು","no","",""
"water","food_drink","Water","hi","पानी","no","",""
"rice","food_drink","Rice","kn","ಅನ್ನ","no","",""
"rice","food_drink","Rice","hi","चावल","no","",""
"apple","food_drink","Apple","kn","ಸೇಬು","no","",""
"apple","food_drink","Apple","hi","सेब","no","",""
"milk","food_drink","Milk","kn","ಹಾಲು","no","",""
"milk","food_drink","Milk","hi","दूध","no","",""
"bread","food_drink","Bread","kn","ರೊಟ್ಟಿ","no","",""
"bread","food_drink","Bread","hi","रोटी","no","",""
"tea","food_drink","Tea","kn","ಚಹಾ","no","",""
"tea","food_drink","Tea","hi","चाय","no","",""
"snack","food_drink","Snack","kn","ತಿಂಡಿ","no","",""
"snack","food_drink","Snack","hi","नाश्ता","no","",""
"bathroom","personal_needs","Bathroom","kn","ಶೌಚಾಲಯ","no","",""
"bathroom","personal_needs","Bathroom","hi","शौचालय","no","",""
"wash_hands","personal_needs","Wash hands","kn","ಕೈ ತೊಳೆಯಿರಿ","no","",""
"wash_hands","personal_needs","Wash hands","hi","हाथ धोना","no","",""
"brush_teeth","personal_needs","Brush teeth","kn","ಹಲ್ಲುಜ್ಜುವುದು","no","",""
"brush_teeth","personal_needs","Brush teeth","hi","दांत साफ़ करना","no","",""
"shower","personal_needs","Shower","kn","ಸ್ನಾನ","no","",""
"shower","personal_needs","Shower","hi","स्नान","no","",""
"medicine","health","Medicine","kn","ಔಷಧಿ","yes","",""
"medicine","health","Medicine","hi","दवा","yes","",""
"doctor","health","Doctor","kn","ವೈದ್ಯರು","yes","",""
"doctor","health","Doctor","hi","डॉक्टर","yes","",""
"pain","health","Pain","kn","ನೋವು","yes","",""
"pain","health","Pain","hi","दर्द","yes","",""
"fever","health","Fever","kn","ಜ್ವರ","yes","",""
"fever","health","Fever","hi","बुखार","yes","",""
"tired","health","Tired","kn","ದಣಿವಾಗಿದೆ","no","",""
"tired","health","Tired","hi","थकान","no","",""
"sick","health","Sick","kn","ಹುಷಾರಿಲ್ಲ","yes","",""
"sick","health","Sick","hi","बीमार","yes","",""
"emergency_help","emergency","I need help","kn","ನನಗೆ ಸಹಾಯ ಬೇಕು","yes","",""
"emergency_help","emergency","I need help","hi","मुझे मदद चाहिए","yes","",""
"call_ambulance","emergency","Call ambulance","kn","ಆಂಬ್ಯುಲೆನ್ಸ್ ಕರೆಯಿರಿ","yes","",""
"call_ambulance","emergency","Call ambulance","hi","एम्बुलेंस बुलाएं","yes","",""
"lost","emergency","I am lost","kn","ನಾನು ದಾರಿ ತಪ್ಪಿದ್ದೇನೆ","yes","",""
"lost","emergency","I am lost","hi","मैं भटक गया हूँ","yes","",""
"call_family","emergency","Call family","kn","ಕುಟುಂಬಕ್ಕೆ ಕರೆ ಮಾಡಿ","yes","",""
"call_family","emergency","Call family","hi","परिवार को कॉल करें","yes","",""
"happy","feelings","Happy","kn","ಸಂತೋಷ","no","",""
"happy","feelings","Happy","hi","खुश","no","",""
"sad","feelings","Sad","kn","ದುಃಖ","no","",""
"sad","feelings","Sad","hi","उदास","no","",""
"angry","feelings","Angry","kn","ಕೋಪ","no","",""
"angry","feelings","Angry","hi","गुस्सा","no","",""
"calm","feelings","Calm","kn","ಶಾಂತ","no","",""
"calm","feelings","Calm","hi","शांत","no","",""
"scared","feelings","Scared","kn","ಭಯ","no","",""
"scared","feelings","Scared","hi","डर","no","",""
"home_place","home","Home","kn","ಮನೆ","no","",""
"home_place","home","Home","hi","घर","no","",""
"bed","sleep","Bed","kn","ಹಾಸಿಗೆ","no","",""
"bed","sleep","Bed","hi","बिस्तर","no","",""
"sleep","sleep","Sleep","kn","ನಿದ್ರೆ","no","",""
"sleep","sleep","Sleep","hi","सोना","no","",""
"mom","family","Mom","kn","ಅಮ್ಮ","no","",""
"mom","family","Mom","hi","माँ","no","",""
"dad","family","Dad","kn","ಅಪ್ಪ","no","",""
"dad","family","Dad","hi","पापा","no","",""
"friend","family","Friend","kn","ಸ್ನೇಹಿತ","no","",""
"friend","family","Friend","hi","दोस्त","no","",""
"book","school","Book","kn","ಪುಸ್ತಕ","no","",""
"book","school","Book","hi","किताब","no","",""
"pencil","school","Pencil","kn","ಪೆನ್ಸಿಲ್","no","",""
"pencil","school","Pencil","hi","पेंसिल","no","",""
"school_place","school","School","kn","ಶಾಲೆ","no","",""
"school_place","school","School","hi","स्कूल","no","",""
"ball","playing","Ball","kn","ಚೆಂಡು","no","",""
"ball","playing","Ball","hi","गेंद","no","",""
"playground_place","playing","Playground","kn","ಆಟದ ಮೈದಾನ","no","",""
"playground_place","playing","Playground","hi","खेल का मैदान","no","",""
"bus","travel","Bus","kn","ಬಸ್ಸು","no","",""
"bus","travel","Bus","hi","बस","no","",""
"car","travel","Car","kn","ಕಾರು","no","",""
"car","travel","Car","hi","गाड़ी","no","",""
"hello","greetings","Hello","kn","ನಮಸ್ಕಾರ","no","",""
"hello","greetings","Hello","hi","नमस्ते","no","",""
"thank_you","greetings","Thank you","kn","ಧನ್ಯವಾದ","no","",""
"thank_you","greetings","Thank you","hi","धन्यवाद","no","",""
"please","greetings","Please","kn","ದಯವಿಟ್ಟು","no","",""
"please","greetings","Please","hi","कृपया","no","",""
"yes_card","general","Yes","kn","ಹೌದು","no","",""
"yes_card","general","Yes","hi","हाँ","no","",""
"no_card","general","No","kn","ಇಲ್ಲ","no","",""
"no_card","general","No","hi","नहीं","no","",""
"more_card","general","More","kn","ಇನ್ನಷ್ಟು","no","",""
"more_card","general","More","hi","और","no","",""
"stop_card","general","Stop","kn","ನಿಲ್ಲಿಸಿ","no","",""
"stop_card","general","Stop","hi","रोको","no","",""
"work_place","work","Work","kn","ಕೆಲಸ","no","",""
"work_place","work","Work","hi","काम","no","",""
"meeting","work","Meeting","kn","ಸಭೆ","no","",""
"meeting","work","Meeting","hi","मीटिंग","no","",""
"college_place","college","College","kn","ಕಾಲೇಜು","no","",""
"college_place","college","College","hi","कॉलेज","no","",""
"shopping_card","shopping","Shop","kn","ಅಂಗಡಿ","no","",""
"shopping_card","shopping","Shop","hi","दुकान","no","",""
"public_place_card","public_places","Public place","kn","ಸಾರ್ವಜನಿಕ ಸ್ಥಳ","no","",""
"public_place_card","public_places","Public place","hi","सार्वजनिक स्थान","no","",""